{
  "IcoMoonType": "selection",
  "icons": [
    {
      "icon": {
        "paths": [
          "M710.933 32h-397.867l-281.067 281.067v397.867l281.067 281.067h397.867l281.067-281.067v-397.867l-281.067-281.067zM512 794.667c-38.4 0-69.333-30.933-69.333-69.333s30.933-69.333 69.333-69.333c38.4 0 69.333 30.933 69.333 69.333s-30.933 69.333-69.333 69.333v0zM565.333 565.333h-106.667v-320h106.667v320z"
        ],
        "attrs": [
          {
            "fill": "rgb(125, 125, 125)"
          }
        ],
        "isMulticolor": false,
        "isMulticolor2": false,
        "grid": 0,
        "tags": [
          "ic-danger"
        ],
        "colorPermutations": {
          "12512512511281281281": [
            {
              "f": 0
            }
          ]
        }
      },
      "attrs": [
        {
          "fill": "rgb(125, 125, 125)"
        }
      ],
      "properties": {
        "order": 13,
        "id": 6,
        "name": "danger",
        "prevSize": 32,
        "code": 59648
      },
      "setIdx": 0,
      "setId": 0,
      "iconIdx": 0
    },
    {
      "icon": {
        "paths": [
          "M462.769 659.692h98.462v98.462h-98.462v-98.462zM462.769 265.846h98.462v295.385h-98.462v-295.385zM511.508 19.692c-271.754 0-491.815 220.554-491.815 492.308s220.062 492.308 491.815 492.308c272.246 0 492.8-220.554 492.8-492.308s-220.554-492.308-492.8-492.308v0zM512 905.846c-217.6 0-393.846-176.246-393.846-393.846s176.246-393.846 393.846-393.846c217.6 0 393.846 176.246 393.846 393.846s-176.246 393.846-393.846 393.846v0z"
        ],
        "attrs": [
          {
            "fill": "rgb(128, 128, 128)"
          }
        ],
        "isMulticolor": false,
        "isMulticolor2": false,
        "grid": 0,
        "tags": [
          "ic-info"
        ],
        "colorPermutations": {
          "12512512511281281281": [
            {
              "f": 1
            }
          ]
        }
      },
      "attrs": [
        {
          "fill": "rgb(128, 128, 128)"
        }
      ],
      "properties": {
        "order": 12,
        "id": 5,
        "name": "info",
        "prevSize": 32,
        "code": 59651
      },
      "setIdx": 0,
      "setId": 0,
      "iconIdx": 1
    },
    {
      "icon": {
        "paths": [
          "M442.855 779.597l-300.142-303.262-100.047 101.087 400.189 404.349 857.547-866.462-100.047-101.087z"
        ],
        "attrs": [
          {
            "fill": "rgb(125, 125, 125)"
          }
        ],
        "width": 1308,
        "isMulticolor": false,
        "isMulticolor2": false,
        "grid": 0,
        "tags": [
          "ic-success"
        ],
        "colorPermutations": {
          "12512512511281281281": [
            {
              "f": 0
            }
          ]
        }
      },
      "attrs": [
        {
          "fill": "rgb(125, 125, 125)"
        }
      ],
      "properties": {
        "order": 11,
        "id": 4,
        "name": "success",
        "prevSize": 32,
        "code": 59652
      },
      "setIdx": 0,
      "setId": 0,
      "iconIdx": 2
    },
    {
      "icon": {
        "paths": [
          "M10.24 1003.52h1126.4l-563.2-972.8-563.2 972.8zM624.64 849.92h-102.4v-102.4h102.4v102.4zM624.64 645.12h-102.4v-204.8h102.4v204.8z"
        ],
        "attrs": [
          {
            "fill": "rgb(125, 125, 125)"
          }
        ],
        "width": 1147,
        "isMulticolor": false,
        "isMulticolor2": false,
        "grid": 0,
        "tags": [
          "ic-warning"
        ],
        "colorPermutations": {
          "12512512511281281281": [
            {
              "f": 0
            }
          ]
        }
      },
      "attrs": [
        {
          "fill": "rgb(125, 125, 125)"
        }
      ],
      "properties": {
        "order": 10,
        "id": 3,
        "name": "warning",
        "prevSize": 32,
        "code": 59653
      },
      "setIdx": 0,
      "setId": 0,
      "iconIdx": 3
    },
    {
      "icon": {
        "paths": [
          "M725.333 490.667v170.667h-170.667v-170.667h170.667zM668.444 604.444v-56.889h-56.889v56.889h56.889zM896 547.556h-56.889v56.889h56.889v56.889h-56.889v56.889c0 31.289-25.6 56.889-56.889 56.889h-56.889v56.889h-56.889v-56.889h-56.889v56.889h-56.889v-56.889h-56.889c-31.289 0-56.889-25.6-56.889-56.889v-56.889h-56.889v-56.889h56.889v-56.889h-56.889v-56.889h56.889v-56.889c0-31.289 25.6-56.889 56.889-56.889h56.889v-56.889h56.889v56.889h56.889v-56.889h56.889v56.889h56.889c31.289 0 56.889 25.6 56.889 56.889v56.889h56.889v56.889zM512 0h-384c-70.4 0-128 57.6-128 128v768c0 70.4 57.6 128 128 128h1024c70.4 0 128-57.6 128-128v-640c0-70.4-57.6-128-128-128h-512l-128-128z"
        ],
        "attrs": [
          {
            "fill": "rgb(125, 125, 125)"
          }
        ],
        "width": 1280,
        "isMulticolor": false,
        "isMulticolor2": false,
        "grid": 0,
        "tags": [
          "ic-collection"
        ],
        "colorPermutations": {
          "12512512511281281281": [
            {
              "f": 0
            }
          ]
        }
      },
      "attrs": [
        {
          "fill": "rgb(125, 125, 125)"
        }
      ],
      "properties": {
        "order": 6,
        "id": 2,
        "name": "collection",
        "prevSize": 32,
        "code": 127748
      },
      "setIdx": 0,
      "setId": 0,
      "iconIdx": 4
    },
    {
      "icon": {
        "paths": [
          "M860.99 719.904l100.341 103.906c25.47 26.375 25.044 68.107-1.563 93.801l-71.029 68.592c-26.333 25.43-68.307 24.686-93.799-1.711l-91.96-95.228c-67.407 41.824-146.93 65.974-232.092 65.974-243.462 0-440.828-197.365-440.828-440.828 0-90.673 27.375-174.952 74.312-245.023l-74.806-77.464c-25.433-26.336-24.977-68.037 1.631-93.731l71.029-68.592c26.333-25.43 68.329-24.663 93.731 1.641l83.168 86.123c57.979-28.054 123.034-43.782 191.763-43.782 243.462 0 440.828 197.365 440.828 440.828 0 74.208-18.336 144.134-50.725 205.493zM475.432 773.453c140.556 0 254.498-113.943 254.498-254.498s-113.943-254.498-254.498-254.498c-140.556 0-254.498 113.943-254.498 254.498s113.943 254.498 254.498 254.498z"
        ],
        "attrs": [
          {
            "fill": "rgb(128, 128, 128)"
          }
        ],
        "width": 991,
        "isMulticolor": false,
        "isMulticolor2": false,
        "grid": 0,
        "tags": [
          "ic-logo"
        ],
        "colorPermutations": {
          "12512512511281281281": [
            {
              "f": 1
            }
          ]
        }
      },
      "attrs": [
        {
          "fill": "rgb(128, 128, 128)"
        }
      ],
      "properties": {
        "order": 3,
        "id": 1,
        "name": "logo",
        "prevSize": 32,
        "code": 59649
      },
      "setIdx": 0,
      "setId": 0,
      "iconIdx": 5
    },
    {
      "icon": {
        "paths": [
          "M682.667 341.333h-341.333v341.333h341.333v-341.333zM568.889 568.889h-113.778v-113.778h113.778v113.778zM1024 455.111v-113.778h-113.778v-113.778c0-62.578-51.2-113.778-113.778-113.778h-113.778v-113.778h-113.778v113.778h-113.778v-113.778h-113.778v113.778h-113.778c-62.578 0-113.778 51.2-113.778 113.778v113.778h-113.778v113.778h113.778v113.778h-113.778v113.778h113.778v113.778c0 62.578 51.2 113.778 113.778 113.778h113.778v113.778h113.778v-113.778h113.778v113.778h113.778v-113.778h113.778c62.578 0 113.778-51.2 113.778-113.778v-113.778h113.778v-113.778h-113.778v-113.778h113.778zM796.444 796.444h-568.889v-568.889h568.889v568.889z"
        ],
        "attrs": [
          {
            "fill": "rgb(125, 125, 125)"
          }
        ],
        "isMulticolor": false,
        "isMulticolor2": false,
        "grid": 0,
        "tags": [
          "ic-thing"
        ],
        "colorPermutations": {
          "12512512511281281281": [
            {
              "f": 0
            }
          ]
        }
      },
      "attrs": [
        {
          "fill": "rgb(125, 125, 125)"
        }
      ],
      "properties": {
        "order": 5,
        "id": 0,
        "name": "thing",
        "prevSize": 32,
        "code": 59650
      },
      "setIdx": 0,
      "setId": 0,
      "iconIdx": 6
    }
  ],
  "height": 1024,
  "metadata": {
    "name": "qiot-font"
  },
  "preferences": {
    "showGlyphs": true,
    "showQuickUse": true,
    "showQuickUse2": true,
    "showSVGs": true,
    "fontPref": {
      "prefix": "ic-qiot-",
      "metadata": {
        "fontFamily": "qiot-font",
        "majorVersion": 1,
        "minorVersion": 0
      },
      "metrics": {
        "emSize": 1024,
        "baseline": 6.25,
        "whitespace": 50
      },
      "embed": false,
      "cssVars": true,
      "showSelector": false,
      "selector": "i",
      "showMetrics": false,
      "showMetadata": false,
      "showVersion": true
    },
    "imagePref": {
      "prefix": "icon-",
      "png": true,
      "useClassSelector": true,
      "color": 0,
      "bgColor": 16777215,
      "classSelector": ".icon"
    },
    "historySize": 100,
    "showCodes": true,
    "gridSize": 16
  }
}