{
  "IcoMoonType": "selection",
  "icons": [
    {
      "icon": {
        "paths": [
          "M757.676 93.955h29.717c118.797 0 186.182 68.010 186.182 187.909v55.106h93.955v116.364h-93.955v16.44h-111.709v-278.973h-630.154l15.754 636.001h260.655v112.746h-18.26v84.453h-116.364v-84.453h-51.558c-118.797 0-186.182-68.010-186.182-187.909v-46.433h-93.955v-116.364h93.955v-138.037h-93.955v-116.364h93.955v-52.576c0-119.9 67.385-187.909 186.182-187.909h51.558v-93.955h116.364v93.955h151.452v-93.955h116.364v93.955zM452.267 411.798v191.851h110.277l-47.262 101.012h-170.070v-402.56h406.378v159l-94.523 42.28v-91.583h-204.8zM787.394 602.165c81.878 0 148.099 66.836 148.099 149.473h-42.314c0-58.935-47.392-106.767-105.785-106.767s-105.785 47.832-105.785 106.767h-42.314c0-82.637 66.221-149.473 148.099-149.473zM808.551 800.537v70.466l72.145 72.815-29.831 30.108-63.471-64.060-63.471 64.060-29.831-30.108 72.145-72.815v-70.466c-18.618-8.328-31.736-27.119-31.736-48.899 0-29.468 23.696-53.383 52.893-53.383s52.893 23.916 52.893 53.383c0 21.994-13.117 40.571-31.736 48.899zM787.394 516.751c128.423 0 232.727 105.272 232.727 234.887h-42.314c0-106.126-85.263-192.18-190.413-192.18s-190.413 86.054-190.413 192.18h-42.314c0-129.615 104.304-234.887 232.727-234.887z"
        ],
        "attrs": [
          {
            "fill": "rgb(125, 125, 125)"
          }
        ],
        "width": 1109,
        "isMulticolor": false,
        "isMulticolor2": false,
        "grid": 16,
        "tags": [
          "ic-fota"
        ],
        "colorPermutations": {
          "12512512511281281281": [
            {
              "f": 0
            }
          ]
        }
      },
      "attrs": [
        {
          "fill": "rgb(125, 125, 125)"
        }
      ],
      "properties": {
        "order": 5,
        "id": 17,
        "name": "fota",
        "prevSize": 32,
        "code": 59665
      },
      "setIdx": 0,
      "setId": 0,
      "iconIdx": 0
    },
    {
      "icon": {
        "paths": [
          "M321.409 880.485l475.044-428.303 475.044 428.303 211.297-190.507-686.339-620.16-687.838 620.16z"
        ],
        "width": 1529,
        "attrs": [
          {
            "fill": "rgb(125, 125, 125)"
          }
        ],
        "isMulticolor": false,
        "isMulticolor2": false,
        "colorPermutations": {
          "12512512511281281281": [
            {
              "f": 0
            }
          ]
        },
        "tags": [
          "ic-collapse"
        ],
        "grid": 16
      },
      "attrs": [
        {
          "fill": "rgb(125, 125, 125)"
        }
      ],
      "properties": {
        "order": 66,
        "id": 0,
        "name": "collapse",
        "prevSize": 32,
        "code": 59648
      },
      "setIdx": 0,
      "setId": 0,
      "iconIdx": 1
    },
    {
      "icon": {
        "paths": [
          "M358.916 104.727l437.541 394.49 437.541-394.49 194.616 175.467-632.154 571.2-633.535-571.2z"
        ],
        "width": 1529,
        "attrs": [
          {
            "fill": "rgb(125, 125, 125)"
          }
        ],
        "isMulticolor": false,
        "isMulticolor2": false,
        "colorPermutations": {
          "12512512511281281281": [
            {
              "f": 0
            }
          ]
        },
        "tags": [
          "ic-expand"
        ],
        "grid": 16
      },
      "attrs": [
        {
          "fill": "rgb(125, 125, 125)"
        }
      ],
      "properties": {
        "order": 67,
        "id": 1,
        "name": "expand",
        "prevSize": 32,
        "code": 59649
      },
      "setIdx": 0,
      "setId": 0,
      "iconIdx": 2
    },
    {
      "icon": {
        "paths": [
          "M1021.156 113.778l-99.556-99.556-398.222 398.222-398.222-398.222-99.556 99.556 398.222 398.222-398.222 398.222 99.556 99.556 398.222-398.222 398.222 398.222 99.556-99.556-398.222-398.222z"
        ],
        "attrs": [
          {
            "fill": "rgb(125, 125, 125)"
          }
        ],
        "isMulticolor": false,
        "isMulticolor2": false,
        "colorPermutations": {
          "12512512511281281281": [
            {
              "f": 0
            }
          ]
        },
        "tags": [
          "ic-close"
        ],
        "grid": 16
      },
      "attrs": [
        {
          "fill": "rgb(125, 125, 125)"
        }
      ],
      "properties": {
        "order": 68,
        "id": 2,
        "name": "close",
        "prevSize": 32,
        "code": 59650
      },
      "setIdx": 0,
      "setId": 0,
      "iconIdx": 3
    },
    {
      "icon": {
        "paths": [
          "M170.581 590.769l380.804-312.123 380.804 312.123 169.38-138.831-550.183-451.938-551.385 451.938 170.581 138.831zM170.581 984.615l380.804-312.123 380.804 312.123 169.38-138.831-550.183-451.938-551.385 451.938 170.581 138.831z"
        ],
        "width": 1103,
        "attrs": [
          {
            "fill": "rgb(125, 125, 125)"
          }
        ],
        "isMulticolor": false,
        "isMulticolor2": false,
        "colorPermutations": {
          "12512512511281281281": [
            {
              "f": 0
            }
          ]
        },
        "tags": [
          "ic-collapse-all"
        ],
        "grid": 16
      },
      "attrs": [
        {
          "fill": "rgb(125, 125, 125)"
        }
      ],
      "properties": {
        "order": 69,
        "id": 3,
        "name": "collapse-all",
        "prevSize": 32,
        "code": 59651
      },
      "setIdx": 0,
      "setId": 0,
      "iconIdx": 4
    },
    {
      "icon": {
        "paths": [
          "M763.733 490.667h-170.667v170.667h170.667v-170.667zM706.844 604.444h-56.889v-56.889h56.889v56.889zM934.4 547.556v-56.889h-56.889v-56.889c0-31.289-25.6-56.889-56.889-56.889h-56.889v-56.889h-56.889v56.889h-56.889v-56.889h-56.889v56.889h-56.889c-31.289 0-56.889 25.6-56.889 56.889v56.889h-56.889v56.889h56.889v56.889h-56.889v56.889h56.889v56.889c0 31.289 25.6 56.889 56.889 56.889h56.889v56.889h56.889v-56.889h56.889v56.889h56.889v-56.889h56.889c31.289 0 56.889-25.6 56.889-56.889v-56.889h56.889v-56.889h-56.889v-56.889h56.889zM550.4 0l128 128h512c70.4 0 128 57.6 128 128v640c0 70.4-57.6 128-128 128h-1024c-70.4 0-128-57.6-128-128v-768c0-70.4 57.6-128 128-128h384z"
        ],
        "width": 1344,
        "attrs": [
          {
            "fill": "rgb(125, 125, 125)"
          }
        ],
        "isMulticolor": false,
        "isMulticolor2": false,
        "colorPermutations": {
          "12512512511281281281": [
            {
              "f": 0
            }
          ]
        },
        "tags": [
          "ic-collection"
        ],
        "grid": 16
      },
      "attrs": [
        {
          "fill": "rgb(125, 125, 125)"
        }
      ],
      "properties": {
        "order": 70,
        "id": 4,
        "name": "collection",
        "prevSize": 32,
        "code": 59652
      },
      "setIdx": 0,
      "setId": 0,
      "iconIdx": 5
    },
    {
      "icon": {
        "paths": [
          "M685.333 32h-397.867l-281.067 281.067v397.867l281.067 281.067h397.867l281.067-281.067v-397.867l-281.067-281.067zM486.4 794.667c-38.4 0-69.333-30.933-69.333-69.333s30.933-69.333 69.333-69.333c38.4 0 69.333 30.933 69.333 69.333s-30.933 69.333-69.333 69.333v0zM539.733 565.333h-106.667v-320h106.667v320z"
        ],
        "width": 981,
        "attrs": [
          {
            "fill": "rgb(125, 125, 125)"
          }
        ],
        "isMulticolor": false,
        "isMulticolor2": false,
        "colorPermutations": {
          "12512512511281281281": [
            {
              "f": 0
            }
          ]
        },
        "tags": [
          "ic-danger"
        ],
        "grid": 16
      },
      "attrs": [
        {
          "fill": "rgb(125, 125, 125)"
        }
      ],
      "properties": {
        "order": 71,
        "id": 5,
        "name": "danger",
        "prevSize": 32,
        "code": 59653
      },
      "setIdx": 0,
      "setId": 0,
      "iconIdx": 6
    },
    {
      "icon": {
        "paths": [
          "M170.581 0l380.804 312.123 380.804-312.123 169.38 138.831-550.183 451.938-551.385-451.938 170.581-138.831zM170.581 393.846l380.804 312.123 380.804-312.123 169.38 138.831-550.183 451.938-551.385-451.938 170.581-138.831z"
        ],
        "width": 1103,
        "attrs": [
          {
            "fill": "rgb(125, 125, 125)"
          }
        ],
        "isMulticolor": false,
        "isMulticolor2": false,
        "colorPermutations": {
          "12512512511281281281": [
            {
              "f": 0
            }
          ]
        },
        "tags": [
          "ic-expand-all"
        ],
        "grid": 16
      },
      "attrs": [
        {
          "fill": "rgb(125, 125, 125)"
        }
      ],
      "properties": {
        "order": 72,
        "id": 6,
        "name": "expand-all",
        "prevSize": 32,
        "code": 59654
      },
      "setIdx": 0,
      "setId": 0,
      "iconIdx": 7
    },
    {
      "icon": {
        "paths": [
          "M462.769 659.692h98.462v98.462h-98.462v-98.462zM462.769 265.846h98.462v295.385h-98.462v-295.385zM511.508 19.692c-271.754 0-491.815 220.554-491.815 492.308s220.062 492.308 491.815 492.308c272.246 0 492.8-220.554 492.8-492.308s-220.554-492.308-492.8-492.308v0zM512 905.846c-217.6 0-393.846-176.246-393.846-393.846s176.246-393.846 393.846-393.846c217.6 0 393.846 176.246 393.846 393.846s-176.246 393.846-393.846 393.846v0z"
        ],
        "attrs": [
          {
            "fill": "rgb(128, 128, 128)"
          }
        ],
        "isMulticolor": false,
        "isMulticolor2": false,
        "colorPermutations": {
          "12512512511281281281": [
            {
              "f": 1
            }
          ]
        },
        "tags": [
          "ic-info"
        ],
        "grid": 16
      },
      "attrs": [
        {
          "fill": "rgb(128, 128, 128)"
        }
      ],
      "properties": {
        "order": 73,
        "id": 7,
        "name": "info",
        "prevSize": 32,
        "code": 59655
      },
      "setIdx": 0,
      "setId": 0,
      "iconIdx": 8
    },
    {
      "icon": {
        "paths": [
          "M709.586 889.264c-67.407 41.824-146.93 65.974-232.092 65.974-243.462 0-440.828-197.365-440.828-440.828 0-90.673 27.375-174.952 74.312-245.023l-74.806-77.464c-25.433-26.336-24.977-68.037 1.631-93.731l71.029-68.592c26.333-25.43 68.329-24.663 93.731 1.641l83.168 86.123c57.979-28.054 123.034-43.782 191.763-43.782 243.462 0 440.828 197.365 440.828 440.828 0 74.208-18.336 144.134-50.725 205.493l100.341 103.906c25.47 26.375 25.044 68.107-1.563 93.801l-71.029 68.592c-26.333 25.43-68.307 24.686-93.799-1.711l-91.96-95.228zM482.039 773.453c140.556 0 254.498-113.943 254.498-254.498s-113.943-254.498-254.498-254.498c-140.556 0-254.498 113.943-254.498 254.498s113.943 254.498 254.498 254.498z"
        ],
        "width": 991,
        "attrs": [
          {
            "fill": "rgb(128, 128, 128)"
          }
        ],
        "isMulticolor": false,
        "isMulticolor2": false,
        "colorPermutations": {
          "12512512511281281281": [
            {
              "f": 1
            }
          ]
        },
        "tags": [
          "ic-logo"
        ],
        "grid": 16
      },
      "attrs": [
        {
          "fill": "rgb(128, 128, 128)"
        }
      ],
      "properties": {
        "order": 74,
        "id": 8,
        "name": "logo",
        "prevSize": 32,
        "code": 59656
      },
      "setIdx": 0,
      "setId": 0,
      "iconIdx": 9
    },
    {
      "icon": {
        "paths": [
          "M1012.768 568.592v-111.044l-444.176 0-0-444.176-111.044 0v444.176l-444.176-0-0 111.044 444.176 0-0 444.176h111.044l-0-444.176z"
        ],
        "attrs": [
          {
            "fill": "rgb(125, 125, 125)"
          }
        ],
        "isMulticolor": false,
        "isMulticolor2": false,
        "colorPermutations": {
          "12512512511281281281": [
            {
              "f": 0
            }
          ]
        },
        "tags": [
          "ic-plus"
        ],
        "grid": 16
      },
      "attrs": [
        {
          "fill": "rgb(125, 125, 125)"
        }
      ],
      "properties": {
        "order": 75,
        "id": 9,
        "name": "plus",
        "prevSize": 32,
        "code": 59657
      },
      "setIdx": 0,
      "setId": 0,
      "iconIdx": 10
    },
    {
      "icon": {
        "paths": [
          "M512 0c-282.624 0-512 229.376-512 512s229.376 512 512 512c282.624 0 512-229.376 512-512s-229.376-512-512-512v0zM409.6 768l-256-256 72.192-72.192 183.808 183.296 388.608-388.608 72.192 72.704-460.8 460.8z"
        ],
        "attrs": [
          {
            "fill": "rgb(125, 125, 125)"
          }
        ],
        "isMulticolor": false,
        "isMulticolor2": false,
        "colorPermutations": {
          "12512512511281281281": [
            {
              "f": 0
            }
          ]
        },
        "tags": [
          "ic-selected"
        ],
        "grid": 16
      },
      "attrs": [
        {
          "fill": "rgb(125, 125, 125)"
        }
      ],
      "properties": {
        "order": 76,
        "id": 10,
        "name": "selected",
        "prevSize": 32,
        "code": 59658
      },
      "setIdx": 0,
      "setId": 0,
      "iconIdx": 11
    },
    {
      "icon": {
        "paths": [
          "M442.855 779.597l-300.142-303.262-100.047 101.087 400.189 404.349 857.547-866.462-100.047-101.087z"
        ],
        "width": 1308,
        "attrs": [
          {
            "fill": "rgb(125, 125, 125)"
          }
        ],
        "isMulticolor": false,
        "isMulticolor2": false,
        "colorPermutations": {
          "12512512511281281281": [
            {
              "f": 0
            }
          ]
        },
        "tags": [
          "ic-success"
        ],
        "grid": 16
      },
      "attrs": [
        {
          "fill": "rgb(125, 125, 125)"
        }
      ],
      "properties": {
        "order": 77,
        "id": 11,
        "name": "success",
        "prevSize": 32,
        "code": 59659
      },
      "setIdx": 0,
      "setId": 0,
      "iconIdx": 12
    },
    {
      "icon": {
        "paths": [
          "M682.667 341.333h-341.333v341.333h341.333v-341.333zM568.889 568.889h-113.778v-113.778h113.778v113.778zM1024 455.111v-113.778h-113.778v-113.778c0-62.578-51.2-113.778-113.778-113.778h-113.778v-113.778h-113.778v113.778h-113.778v-113.778h-113.778v113.778h-113.778c-62.578 0-113.778 51.2-113.778 113.778v113.778h-113.778v113.778h113.778v113.778h-113.778v113.778h113.778v113.778c0 62.578 51.2 113.778 113.778 113.778h113.778v113.778h113.778v-113.778h113.778v113.778h113.778v-113.778h113.778c62.578 0 113.778-51.2 113.778-113.778v-113.778h113.778v-113.778h-113.778v-113.778h113.778zM796.444 796.444h-568.889v-568.889h568.889v568.889z"
        ],
        "attrs": [
          {
            "fill": "rgb(125, 125, 125)"
          }
        ],
        "isMulticolor": false,
        "isMulticolor2": false,
        "colorPermutations": {
          "12512512511281281281": [
            {
              "f": 0
            }
          ]
        },
        "tags": [
          "ic-thing"
        ],
        "grid": 16
      },
      "attrs": [
        {
          "fill": "rgb(125, 125, 125)"
        }
      ],
      "properties": {
        "order": 65,
        "id": 12,
        "name": "thing",
        "prevSize": 32,
        "code": 59660
      },
      "setIdx": 0,
      "setId": 0,
      "iconIdx": 13
    },
    {
      "icon": {
        "paths": [
          "M512 0c-282.624 0-512 229.376-512 512s229.376 512 512 512c282.624 0 512-229.376 512-512s-229.376-512-512-512v0zM512 921.6c-226.304 0-409.6-183.296-409.6-409.6s183.296-409.6 409.6-409.6c226.304 0 409.6 183.296 409.6 409.6s-183.296 409.6-409.6 409.6v0z"
        ],
        "attrs": [
          {
            "fill": "rgb(125, 125, 125)"
          }
        ],
        "isMulticolor": false,
        "isMulticolor2": false,
        "colorPermutations": {
          "12512512511281281281": [
            {
              "f": 0
            }
          ]
        },
        "tags": [
          "ic-unselected"
        ],
        "grid": 16
      },
      "attrs": [
        {
          "fill": "rgb(125, 125, 125)"
        }
      ],
      "properties": {
        "order": 64,
        "id": 13,
        "name": "unselected",
        "prevSize": 32,
        "code": 59661
      },
      "setIdx": 0,
      "setId": 0,
      "iconIdx": 14
    },
    {
      "icon": {
        "paths": [
          "M0 472.615h465.455v-472.615h-465.455v472.615zM0 1024h465.455v-472.615h-465.455v472.615zM558.545 1024h465.455v-472.615h-465.455v472.615zM558.545 472.615h465.455v-472.615h-465.455v472.615z"
        ],
        "attrs": [
          {
            "fill": "rgb(125, 125, 125)"
          }
        ],
        "isMulticolor": false,
        "isMulticolor2": false,
        "colorPermutations": {
          "12512512511281281281": [
            {
              "f": 0
            }
          ]
        },
        "tags": [
          "ic-view-card"
        ],
        "grid": 16
      },
      "attrs": [
        {
          "fill": "rgb(125, 125, 125)"
        }
      ],
      "properties": {
        "order": 63,
        "id": 14,
        "name": "view-card",
        "prevSize": 32,
        "code": 59662
      },
      "setIdx": 0,
      "setId": 0,
      "iconIdx": 15
    },
    {
      "icon": {
        "paths": [
          "M0 1006.035h1024v-251.509h-1024v251.509zM102.4 817.404h102.4v125.754h-102.4v-125.754zM0 0v251.509h1024v-251.509h-1024zM204.8 188.632h-102.4v-125.754h102.4v125.754zM0 628.772h1024v-251.509h-1024v251.509zM102.4 440.14h102.4v125.754h-102.4v-125.754z"
        ],
        "attrs": [
          {
            "fill": "rgb(125, 125, 125)"
          }
        ],
        "isMulticolor": false,
        "isMulticolor2": false,
        "colorPermutations": {
          "12512512511281281281": [
            {
              "f": 0
            }
          ]
        },
        "tags": [
          "ic-view-list"
        ],
        "grid": 16
      },
      "attrs": [
        {
          "fill": "rgb(125, 125, 125)"
        }
      ],
      "properties": {
        "order": 62,
        "id": 15,
        "name": "view-list",
        "prevSize": 32,
        "code": 59663
      },
      "setIdx": 0,
      "setId": 0,
      "iconIdx": 16
    },
    {
      "icon": {
        "paths": [
          "M34.816 1003.52h1126.4l-563.2-972.8-563.2 972.8zM649.216 849.92h-102.4v-102.4h102.4v102.4zM649.216 645.12h-102.4v-204.8h102.4v204.8z"
        ],
        "width": 1188,
        "attrs": [
          {
            "fill": "rgb(125, 125, 125)"
          }
        ],
        "isMulticolor": false,
        "isMulticolor2": false,
        "colorPermutations": {
          "12512512511281281281": [
            {
              "f": 0
            }
          ]
        },
        "tags": [
          "ic-warning"
        ],
        "grid": 16
      },
      "attrs": [
        {
          "fill": "rgb(125, 125, 125)"
        }
      ],
      "properties": {
        "order": 61,
        "id": 16,
        "name": "warning",
        "prevSize": 32,
        "code": 59664
      },
      "setIdx": 0,
      "setId": 0,
      "iconIdx": 17
    }
  ],
  "height": 1024,
  "metadata": {
    "name": "qiot-font"
  },
  "preferences": {
    "showGlyphs": true,
    "showQuickUse": true,
    "showQuickUse2": true,
    "showSVGs": true,
    "fontPref": {
      "prefix": "ic-qiot-",
      "metadata": {
        "fontFamily": "qiot-font",
        "majorVersion": 1,
        "minorVersion": 1
      },
      "metrics": {
        "emSize": 1024,
        "baseline": 6.25,
        "whitespace": 50
      },
      "embed": false,
      "cssVars": true,
      "showSelector": true,
      "selector": "class",
      "showMetrics": false,
      "showMetadata": false,
      "showVersion": true,
      "classSelector": ".ic-qiot",
      "cssVarsFormat": "scss"
    },
    "imagePref": {
      "prefix": "icon-",
      "png": true,
      "useClassSelector": true,
      "color": 0,
      "bgColor": 16777215,
      "classSelector": ".icon"
    },
    "historySize": 100,
    "showCodes": true,
    "gridSize": 16,
    "showGrid": false
  }
}