{
  "IcoMoonType": "selection",
  "icons": [
    {
      "icon": {
        "paths": [
          "M725.333 490.667v170.667h-170.667v-170.667h170.667zM668.444 604.444v-56.889h-56.889v56.889h56.889zM896 547.556h-56.889v56.889h56.889v56.889h-56.889v56.889c0 31.289-25.6 56.889-56.889 56.889h-56.889v56.889h-56.889v-56.889h-56.889v56.889h-56.889v-56.889h-56.889c-31.289 0-56.889-25.6-56.889-56.889v-56.889h-56.889v-56.889h56.889v-56.889h-56.889v-56.889h56.889v-56.889c0-31.289 25.6-56.889 56.889-56.889h56.889v-56.889h56.889v56.889h56.889v-56.889h56.889v56.889h56.889c31.289 0 56.889 25.6 56.889 56.889v56.889h56.889v56.889zM512 0h-384c-70.4 0-128 57.6-128 128v768c0 70.4 57.6 128 128 128h1024c70.4 0 128-57.6 128-128v-640c0-70.4-57.6-128-128-128h-512l-128-128z"
        ],
        "attrs": [
          {
            "fill": "rgb(125, 125, 125)"
          }
        ],
        "width": 1280,
        "isMulticolor": false,
        "isMulticolor2": false,
        "grid": 0,
        "tags": [
          "ic-collection"
        ],
        "colorPermutations": {
          "12512512511281281281": [
            {
              "f": 0
            }
          ]
        }
      },
      "attrs": [
        {
          "fill": "rgb(125, 125, 125)"
        }
      ],
      "properties": {
        "order": 6,
        "id": 2,
        "name": "collection",
        "prevSize": 32,
        "code": 127748
      },
      "setIdx": 0,
      "setId": 0,
      "iconIdx": 0
    },
    {
      "icon": {
        "paths": [
          "M860.99 719.904l100.341 103.906c25.47 26.375 25.044 68.107-1.563 93.801l-71.029 68.592c-26.333 25.43-68.307 24.686-93.799-1.711l-91.96-95.228c-67.407 41.824-146.93 65.974-232.092 65.974-243.462 0-440.828-197.365-440.828-440.828 0-90.673 27.375-174.952 74.312-245.023l-74.806-77.464c-25.433-26.336-24.977-68.037 1.631-93.731l71.029-68.592c26.333-25.43 68.329-24.663 93.731 1.641l83.168 86.123c57.979-28.054 123.034-43.782 191.763-43.782 243.462 0 440.828 197.365 440.828 440.828 0 74.208-18.336 144.134-50.725 205.493zM475.432 773.453c140.556 0 254.498-113.943 254.498-254.498s-113.943-254.498-254.498-254.498c-140.556 0-254.498 113.943-254.498 254.498s113.943 254.498 254.498 254.498z"
        ],
        "attrs": [
          {
            "fill": "rgb(128, 128, 128)"
          }
        ],
        "width": 991,
        "isMulticolor": false,
        "isMulticolor2": false,
        "grid": 0,
        "tags": [
          "ic-logo"
        ],
        "colorPermutations": {
          "12512512511281281281": [
            {
              "f": 1
            }
          ]
        }
      },
      "attrs": [
        {
          "fill": "rgb(128, 128, 128)"
        }
      ],
      "properties": {
        "order": 3,
        "id": 1,
        "name": "logo",
        "prevSize": 32,
        "code": 59649
      },
      "setIdx": 0,
      "setId": 0,
      "iconIdx": 1
    },
    {
      "icon": {
        "paths": [
          "M682.667 341.333h-341.333v341.333h341.333v-341.333zM568.889 568.889h-113.778v-113.778h113.778v113.778zM1024 455.111v-113.778h-113.778v-113.778c0-62.578-51.2-113.778-113.778-113.778h-113.778v-113.778h-113.778v113.778h-113.778v-113.778h-113.778v113.778h-113.778c-62.578 0-113.778 51.2-113.778 113.778v113.778h-113.778v113.778h113.778v113.778h-113.778v113.778h113.778v113.778c0 62.578 51.2 113.778 113.778 113.778h113.778v113.778h113.778v-113.778h113.778v113.778h113.778v-113.778h113.778c62.578 0 113.778-51.2 113.778-113.778v-113.778h113.778v-113.778h-113.778v-113.778h113.778zM796.444 796.444h-568.889v-568.889h568.889v568.889z"
        ],
        "attrs": [
          {
            "fill": "rgb(125, 125, 125)"
          }
        ],
        "isMulticolor": false,
        "isMulticolor2": false,
        "grid": 0,
        "tags": [
          "ic-thing"
        ],
        "colorPermutations": {
          "12512512511281281281": [
            {
              "f": 0
            }
          ]
        }
      },
      "attrs": [
        {
          "fill": "rgb(125, 125, 125)"
        }
      ],
      "properties": {
        "order": 5,
        "id": 0,
        "name": "thing",
        "prevSize": 32,
        "code": 59650
      },
      "setIdx": 0,
      "setId": 0,
      "iconIdx": 2
    }
  ],
  "height": 1024,
  "metadata": {
    "name": "qiot-font"
  },
  "preferences": {
    "showGlyphs": true,
    "showQuickUse": true,
    "showQuickUse2": true,
    "showSVGs": true,
    "fontPref": {
      "prefix": "ic-qiot-",
      "metadata": {
        "fontFamily": "qiot-font",
        "majorVersion": 1,
        "minorVersion": 0
      },
      "metrics": {
        "emSize": 1024,
        "baseline": 6.25,
        "whitespace": 50
      },
      "embed": false,
      "cssVars": true,
      "showSelector": false,
      "selector": "i",
      "showMetrics": false,
      "showMetadata": false,
      "showVersion": true
    },
    "imagePref": {
      "prefix": "icon-",
      "png": true,
      "useClassSelector": true,
      "color": 0,
      "bgColor": 16777215,
      "classSelector": ".icon"
    },
    "historySize": 100,
    "showCodes": true,
    "gridSize": 16
  }
}